split,method,K,hit,mrr,ndcg,n_examples,n_with_relevant,alpha,transformer,graph_method
val,fusion_author_retriever_graphsage_author_a0p00,10,0.026224641266699655,0.012987637740235465,0.014931132442330852,2021,280,0.0,author_retriever,graphsage_author
val,fusion_author_retriever_graphsage_author_a0p00,50,0.04849084611578427,0.014079433512094284,0.01987850549488979,2021,280,0.0,author_retriever,graphsage_author
val,fusion_author_retriever_graphsage_author_a0p00,100,0.05987135081642751,0.01424685847145565,0.021649643259575715,2021,280,0.0,author_retriever,graphsage_author
test,fusion_author_retriever_graphsage_author_a0p00,10,0.01824632539280284,0.00737133846611799,0.008658991183330375,1973,279,0.0,author_retriever,graphsage_author
test,fusion_author_retriever_graphsage_author_a0p00,50,0.046122655854029394,0.008654890566877372,0.014257454554046766,1973,279,0.0,author_retriever,graphsage_author
test,fusion_author_retriever_graphsage_author_a0p00,100,0.06588950836289914,0.008939067321837687,0.01738503341258776,1973,279,0.0,author_retriever,graphsage_author
val,fusion_author_retriever_graphsage_author_a0p05,10,0.027709054923305294,0.012775185944409101,0.015275324477873924,2021,280,0.05,author_retriever,graphsage_author
val,fusion_author_retriever_graphsage_author_a0p05,50,0.050470064324591786,0.013869474024629513,0.02030922860884691,2021,280,0.05,author_retriever,graphsage_author
val,fusion_author_retriever_graphsage_author_a0p05,100,0.05937654626422563,0.014000532166942683,0.0216921853507549,2021,280,0.05,author_retriever,graphsage_author
test,fusion_author_retriever_graphsage_author_a0p05,10,0.01926001013684744,0.007559393076372296,0.009070430923270456,1973,279,0.05,author_retriever,graphsage_author
test,fusion_author_retriever_graphsage_author_a0p05,50,0.0451089711099848,0.008792144871735887,0.014330051227006188,1973,279,0.05,author_retriever,graphsage_author
test,fusion_author_retriever_graphsage_author_a0p05,100,0.06538266599087683,0.009087864350314879,0.017404123615762494,1973,279,0.05,author_retriever,graphsage_author
val,fusion_author_retriever_graphsage_author_a0p10,10,0.028698664027709056,0.013296301532323303,0.015737560901792846,2021,280,0.1,author_retriever,graphsage_author
val,fusion_author_retriever_graphsage_author_a0p10,50,0.050470064324591786,0.014407011193927758,0.02077690667423637,2021,280,0.1,author_retriever,graphsage_author
val,fusion_author_retriever_graphsage_author_a0p10,100,0.058881741712023754,0.014528487614458052,0.022077066280675194,2021,280,0.1,author_retriever,graphsage_author
test,fusion_author_retriever_graphsage_author_a0p10,10,0.020780537252914344,0.008849226461998889,0.010194868688354506,1973,279,0.1,author_retriever,graphsage_author
test,fusion_author_retriever_graphsage_author_a0p10,50,0.0456158134820071,0.009993791559033455,0.015204928985274879,1973,279,0.1,author_retriever,graphsage_author
test,fusion_author_retriever_graphsage_author_a0p10,100,0.06588950836289914,0.010278778360500274,0.01826342402914507,1973,279,0.1,author_retriever,graphsage_author
val,fusion_author_retriever_graphsage_author_a0p15,10,0.028698664027709056,0.012719029554754444,0.015430830148188418,2021,280,0.15,author_retriever,graphsage_author
val,fusion_author_retriever_graphsage_author_a0p15,50,0.050470064324591786,0.013855386118486092,0.020468636500627465,2021,280,0.15,author_retriever,graphsage_author
val,fusion_author_retriever_graphsage_author_a0p15,100,0.05937654626422563,0.013976884515904817,0.02179703717131957,2021,280,0.15,author_retriever,graphsage_author
test,fusion_author_retriever_graphsage_author_a0p15,10,0.021287379624936646,0.008744036557011722,0.010161093354622248,1973,279,0.15,author_retriever,graphsage_author
test,fusion_author_retriever_graphsage_author_a0p15,50,0.046122655854029394,0.009870335385213752,0.015161505719835525,1973,279,0.15,author_retriever,graphsage_author
test,fusion_author_retriever_graphsage_author_a0p15,100,0.06538266599087683,0.010137571862531362,0.018108725810094182,1973,279,0.15,author_retriever,graphsage_author
val,fusion_author_retriever_graphsage_author_a0p20,10,0.029193468579910935,0.012938549987040833,0.015604426868701993,2021,280,0.2,author_retriever,graphsage_author
val,fusion_author_retriever_graphsage_author_a0p20,50,0.050470064324591786,0.014008151473571746,0.02054455601393509,2021,280,0.2,author_retriever,graphsage_author
val,fusion_author_retriever_graphsage_author_a0p20,100,0.05987135081642751,0.014133961929580954,0.02196917153689949,2021,280,0.2,author_retriever,graphsage_author
test,fusion_author_retriever_graphsage_author_a0p20,10,0.021794221996958945,0.009019380686892092,0.01043336836343115,1973,279,0.2,author_retriever,graphsage_author
test,fusion_author_retriever_graphsage_author_a0p20,50,0.0466294982260517,0.010112404914637899,0.015443290747741856,1973,279,0.2,author_retriever,graphsage_author
test,fusion_author_retriever_graphsage_author_a0p20,100,0.06487582361885454,0.01037466597450456,0.018244531287288833,1973,279,0.2,author_retriever,graphsage_author
val,fusion_author_retriever_graphsage_author_a0p25,10,0.028698664027709056,0.012702536069681048,0.015325742485816226,2021,280,0.25,author_retriever,graphsage_author
val,fusion_author_retriever_graphsage_author_a0p25,50,0.04948045522018803,0.01377543009465325,0.020136750304273882,2021,280,0.25,author_retriever,graphsage_author
val,fusion_author_retriever_graphsage_author_a0p25,100,0.06086095992083127,0.013935783156843318,0.02185796451579541,2021,280,0.25,author_retriever,graphsage_author
test,fusion_author_retriever_graphsage_author_a0p25,10,0.02280790674100355,0.00897110998479473,0.01064338758459644,1973,279,0.25,author_retriever,graphsage_author
test,fusion_author_retriever_graphsage_author_a0p25,50,0.0476431829700963,0.010020670534713226,0.015493232935147233,1973,279,0.25,author_retriever,graphsage_author
test,fusion_author_retriever_graphsage_author_a0p25,100,0.06487582361885454,0.010267697009844298,0.01818648973046211,1973,279,0.25,author_retriever,graphsage_author
val,fusion_author_retriever_graphsage_author_a0p30,10,0.029193468579910935,0.012954650770088673,0.015592091784018668,2021,280,0.3,author_retriever,graphsage_author
val,fusion_author_retriever_graphsage_author_a0p30,50,0.0499752597723899,0.013972217559753386,0.02032538741723311,2021,280,0.3,author_retriever,graphsage_author
val,fusion_author_retriever_graphsage_author_a0p30,100,0.06185056902523503,0.01413728324404131,0.022121293247502286,2021,280,0.3,author_retriever,graphsage_author
test,fusion_author_retriever_graphsage_author_a0p30,10,0.02331474911302585,0.009174249189454461,0.010842636749214934,1973,279,0.3,author_retriever,graphsage_author
test,fusion_author_retriever_graphsage_author_a0p30,50,0.047136340598074,0.010149638752177963,0.015497452093123596,1973,279,0.3,author_retriever,graphsage_author
test,fusion_author_retriever_graphsage_author_a0p30,100,0.06335529650278764,0.010390787450692638,0.01812701805438926,1973,279,0.3,author_retriever,graphsage_author
val,fusion_author_retriever_graphsage_author_a0p35,10,0.029688273132112815,0.012819953975322606,0.015606623332576511,2021,280,0.35,author_retriever,graphsage_author
val,fusion_author_retriever_graphsage_author_a0p35,50,0.050470064324591786,0.013775497033735876,0.020260466202847972,2021,280,0.35,author_retriever,graphsage_author
val,fusion_author_retriever_graphsage_author_a0p35,100,0.06185056902523503,0.013936889368205554,0.02198556223225542,2021,280,0.35,author_retriever,graphsage_author
test,fusion_author_retriever_graphsage_author_a0p35,10,0.02331474911302585,0.008528829676827651,0.010373678388464725,1973,279,0.35,author_retriever,graphsage_author
test,fusion_author_retriever_graphsage_author_a0p35,50,0.047136340598074,0.009512332592440257,0.015094807718056174,1973,279,0.35,author_retriever,graphsage_author
test,fusion_author_retriever_graphsage_author_a0p35,100,0.06284845413076533,0.009742934637449545,0.017579713570515233,1973,279,0.35,author_retriever,graphsage_author
val,fusion_author_retriever_graphsage_author_a0p40,10,0.029193468579910935,0.012822899240514283,0.015467585912942576,2021,280,0.4,author_retriever,graphsage_author
val,fusion_author_retriever_graphsage_author_a0p40,50,0.05195447798119743,0.013849239141745219,0.0204805324996216,2021,280,0.4,author_retriever,graphsage_author
val,fusion_author_retriever_graphsage_author_a0p40,100,0.06234537357743691,0.01399220845570286,0.022066981928748414,2021,280,0.4,author_retriever,graphsage_author
test,fusion_author_retriever_graphsage_author_a0p40,10,0.02280790674100355,0.008378184860698799,0.010151753110275321,1973,279,0.4,author_retriever,graphsage_author
test,fusion_author_retriever_graphsage_author_a0p40,50,0.0466294982260517,0.00939594570054254,0.014956073607579421,1973,279,0.4,author_retriever,graphsage_author
test,fusion_author_retriever_graphsage_author_a0p40,100,0.06234161175874303,0.009628519268404382,0.017439529231405997,1973,279,0.4,author_retriever,graphsage_author
val,fusion_author_retriever_graphsage_author_a0p45,10,0.029688273132112815,0.01312940317146156,0.01571011673148096,2021,280,0.45,author_retriever,graphsage_author
val,fusion_author_retriever_graphsage_author_a0p45,50,0.05195447798119743,0.014092338469370195,0.02056311228308985,2021,280,0.45,author_retriever,graphsage_author
val,fusion_author_retriever_graphsage_author_a0p45,100,0.0628401781296388,0.014243769057167703,0.022269360075067118,2021,280,0.45,author_retriever,graphsage_author
test,fusion_author_retriever_graphsage_author_a0p45,10,0.022301064368981247,0.008279431049324614,0.01003311175298885,1973,279,0.45,author_retriever,graphsage_author
test,fusion_author_retriever_graphsage_author_a0p45,50,0.047136340598074,0.009347981352229294,0.015005200675219245,1973,279,0.45,author_retriever,graphsage_author
test,fusion_author_retriever_graphsage_author_a0p45,100,0.06234161175874303,0.009567749187391724,0.017392611167265506,1973,279,0.45,author_retriever,graphsage_author
val,fusion_author_retriever_graphsage_author_a0p50,10,0.029193468579910935,0.013286680332697157,0.015698179487731292,2021,280,0.5,author_retriever,graphsage_author
val,fusion_author_retriever_graphsage_author_a0p50,50,0.05195447798119743,0.014274049885403641,0.020613661967806257,2021,280,0.5,author_retriever,graphsage_author
val,fusion_author_retriever_graphsage_author_a0p50,100,0.0628401781296388,0.014427884008158273,0.022327430942359474,2021,280,0.5,author_retriever,graphsage_author
test,fusion_author_retriever_graphsage_author_a0p50,10,0.02280790674100355,0.008225327637390487,0.010093751996001345,1973,279,0.5,author_retriever,graphsage_author
test,fusion_author_retriever_graphsage_author_a0p50,50,0.047136340598074,0.009249849970676157,0.014867336963685,1973,279,0.5,author_retriever,graphsage_author
test,fusion_author_retriever_graphsage_author_a0p50,100,0.06234161175874303,0.009466562517705517,0.01729970971523023,1973,279,0.5,author_retriever,graphsage_author
val,fusion_author_retriever_graphsage_author_a0p55,10,0.029193468579910935,0.012821328432412054,0.015424909080099938,2021,280,0.55,author_retriever,graphsage_author
val,fusion_author_retriever_graphsage_author_a0p55,50,0.05244928253339931,0.01380971063536875,0.02041055498495091,2021,280,0.55,author_retriever,graphsage_author
val,fusion_author_retriever_graphsage_author_a0p55,100,0.06333498268184068,0.013959160363154118,0.022114110811858472,2021,280,0.55,author_retriever,graphsage_author
test,fusion_author_retriever_graphsage_author_a0p55,10,0.02331474911302585,0.008241618999348346,0.010223265701301942,1973,279,0.55,author_retriever,graphsage_author
test,fusion_author_retriever_graphsage_author_a0p55,50,0.0466294982260517,0.009208619335784733,0.014797727382363832,1973,279,0.55,author_retriever,graphsage_author
test,fusion_author_retriever_graphsage_author_a0p55,100,0.06132792701469843,0.009422828765841525,0.017043251612617105,1973,279,0.55,author_retriever,graphsage_author
val,fusion_author_retriever_graphsage_author_a0p60,10,0.028698664027709056,0.012536226761857635,0.015208123063232748,2021,280,0.6,author_retriever,graphsage_author
val,fusion_author_retriever_graphsage_author_a0p60,50,0.05244928253339931,0.0135713166202208,0.02033325809088795,2021,280,0.6,author_retriever,graphsage_author
val,fusion_author_retriever_graphsage_author_a0p60,100,0.06382978723404255,0.013727198465719244,0.02211270438341058,2021,280,0.6,author_retriever,graphsage_author
test,fusion_author_retriever_graphsage_author_a0p60,10,0.02331474911302585,0.008198577623311531,0.010187290998536236,1973,279,0.6,author_retriever,graphsage_author
test,fusion_author_retriever_graphsage_author_a0p60,50,0.0456158134820071,0.009149166509185989,0.014585779883952132,1973,279,0.6,author_retriever,graphsage_author
test,fusion_author_retriever_graphsage_author_a0p60,100,0.060821084642676125,0.009376037308947982,0.01692640720722929,1973,279,0.6,author_retriever,graphsage_author
val,fusion_author_retriever_graphsage_author_a0p65,10,0.028698664027709056,0.012849602978252161,0.015410032330977532,2021,280,0.65,author_retriever,graphsage_author
val,fusion_author_retriever_graphsage_author_a0p65,50,0.05294408708560119,0.013891570581792072,0.020649363510687576,2021,280,0.65,author_retriever,graphsage_author
val,fusion_author_retriever_graphsage_author_a0p65,100,0.06382978723404255,0.0140409740958949,0.022309817995345666,2021,280,0.65,author_retriever,graphsage_author
test,fusion_author_retriever_graphsage_author_a0p65,10,0.02331474911302585,0.008013338804012905,0.010091609363044509,1973,279,0.65,author_retriever,graphsage_author
test,fusion_author_retriever_graphsage_author_a0p65,50,0.0451089711099848,0.00895064675626516,0.014382534503499808,1973,279,0.65,author_retriever,graphsage_author
test,fusion_author_retriever_graphsage_author_a0p65,100,0.06031424227065383,0.009178849528676807,0.016686077241085097,1973,279,0.65,author_retriever,graphsage_author
val,fusion_author_retriever_graphsage_author_a0p70,10,0.028698664027709056,0.01279658820480196,0.015368791123082289,2021,280,0.7,author_retriever,graphsage_author
val,fusion_author_retriever_graphsage_author_a0p70,50,0.05294408708560119,0.013812048506326946,0.020568596858725342,2021,280,0.7,author_retriever,graphsage_author
val,fusion_author_retriever_graphsage_author_a0p70,100,0.06382978723404255,0.013964066936490266,0.02223438801626235,2021,280,0.7,author_retriever,graphsage_author
test,fusion_author_retriever_graphsage_author_a0p70,10,0.02280790674100355,0.007791494702290444,0.009809616610368218,1973,279,0.7,author_retriever,graphsage_author
test,fusion_author_retriever_graphsage_author_a0p70,50,0.0451089711099848,0.0087691427536775,0.014234212176893683,1973,279,0.7,author_retriever,graphsage_author
test,fusion_author_retriever_graphsage_author_a0p70,100,0.05980739989863153,0.008989394415948872,0.01645483972023894,1973,279,0.7,author_retriever,graphsage_author
val,fusion_author_retriever_graphsage_author_a0p75,10,0.028698664027709056,0.01269801999638714,0.01529047559974322,2021,280,0.75,author_retriever,graphsage_author
val,fusion_author_retriever_graphsage_author_a0p75,50,0.053933696190004946,0.013728312578050027,0.020658700748089256,2021,280,0.75,author_retriever,graphsage_author
val,fusion_author_retriever_graphsage_author_a0p75,100,0.06333498268184068,0.013855573149699386,0.022104248315019333,2021,280,0.75,author_retriever,graphsage_author
test,fusion_author_retriever_graphsage_author_a0p75,10,0.02331474911302585,0.007797729667978022,0.009915005531089252,1973,279,0.75,author_retriever,graphsage_author
test,fusion_author_retriever_graphsage_author_a0p75,50,0.0451089711099848,0.008725535337910012,0.014193214919686451,1973,279,0.75,author_retriever,graphsage_author
test,fusion_author_retriever_graphsage_author_a0p75,100,0.05980739989863153,0.008942255244578113,0.01640520577865244,1973,279,0.75,author_retriever,graphsage_author
val,fusion_author_retriever_graphsage_author_a0p80,10,0.028698664027709056,0.012709801057153853,0.015299247457603648,2021,280,0.8,author_retriever,graphsage_author
val,fusion_author_retriever_graphsage_author_a0p80,50,0.05195447798119743,0.01370295065383631,0.020257536568606033,2021,280,0.8,author_retriever,graphsage_author
val,fusion_author_retriever_graphsage_author_a0p80,100,0.06382978723404255,0.01387322375048964,0.02218324166752007,2021,280,0.8,author_retriever,graphsage_author
test,fusion_author_retriever_graphsage_author_a0p80,10,0.02331474911302585,0.007761928897255811,0.009879234656169843,1973,279,0.8,author_retriever,graphsage_author
test,fusion_author_retriever_graphsage_author_a0p80,50,0.0451089711099848,0.00868571962542305,0.014151461434645081,1973,279,0.8,author_retriever,graphsage_author
test,fusion_author_retriever_graphsage_author_a0p80,100,0.05980739989863153,0.008899375451237184,0.01635560624723313,1973,279,0.8,author_retriever,graphsage_author
val,fusion_author_retriever_graphsage_author_a0p85,10,0.029193468579910935,0.012722760223997235,0.01530828136414348,2021,280,0.85,author_retriever,graphsage_author
val,fusion_author_retriever_graphsage_author_a0p85,50,0.05195447798119743,0.013689104165580114,0.020229303820944986,2021,280,0.85,author_retriever,graphsage_author
val,fusion_author_retriever_graphsage_author_a0p85,100,0.06432459178624443,0.01386495349317526,0.022230746953502148,2021,280,0.85,author_retriever,graphsage_author
test,fusion_author_retriever_graphsage_author_a0p85,10,0.02331474911302585,0.007740810465088215,0.009867217727298157,1973,279,0.85,author_retriever,graphsage_author
test,fusion_author_retriever_graphsage_author_a0p85,50,0.044602128737962494,0.008646598810202473,0.014037365901771603,1973,279,0.85,author_retriever,graphsage_author
test,fusion_author_retriever_graphsage_author_a0p85,100,0.05879371515458692,0.008858025469944865,0.016156459239067025,1973,279,0.85,author_retriever,graphsage_author
val,fusion_author_retriever_graphsage_author_a0p90,10,0.029193468579910935,0.012604556914304564,0.015235969184101701,2021,280,0.9,author_retriever,graphsage_author
val,fusion_author_retriever_graphsage_author_a0p90,50,0.05244928253339931,0.013569329189031334,0.020226296234035223,2021,280,0.9,author_retriever,graphsage_author
val,fusion_author_retriever_graphsage_author_a0p90,100,0.06432459178624443,0.013736019259012048,0.022141990905955186,2021,280,0.9,author_retriever,graphsage_author
test,fusion_author_retriever_graphsage_author_a0p90,10,0.022301064368981247,0.007639441990683755,0.00968755296623982,1973,279,0.9,author_retriever,graphsage_author
test,fusion_author_retriever_graphsage_author_a0p90,50,0.044602128737962494,0.008630794918525215,0.014020477701056477,1973,279,0.9,author_retriever,graphsage_author
test,fusion_author_retriever_graphsage_author_a0p90,100,0.05828687278256462,0.008835234792093185,0.016141434446869423,1973,279,0.9,author_retriever,graphsage_author
val,fusion_author_retriever_graphsage_author_a0p95,10,0.029193468579910935,0.012591401396448402,0.015220595820645168,2021,280,0.95,author_retriever,graphsage_author
val,fusion_author_retriever_graphsage_author_a0p95,50,0.05244928253339931,0.013550304364969833,0.020199218561157473,2021,280,0.95,author_retriever,graphsage_author
val,fusion_author_retriever_graphsage_author_a0p95,100,0.06432459178624443,0.013717921492033505,0.02211627916763384,2021,280,0.95,author_retriever,graphsage_author
test,fusion_author_retriever_graphsage_author_a0p95,10,0.021794221996958945,0.007547325400847955,0.009499207334268218,1973,279,0.95,author_retriever,graphsage_author
test,fusion_author_retriever_graphsage_author_a0p95,50,0.04409528636594019,0.008562191674454805,0.013906707397761212,1973,279,0.95,author_retriever,graphsage_author
test,fusion_author_retriever_graphsage_author_a0p95,100,0.05828687278256462,0.008772449327099098,0.016073316553652173,1973,279,0.95,author_retriever,graphsage_author
val,fusion_author_retriever_graphsage_author_a1p00,10,0.029193468579910935,0.012449439614209528,0.0151469178239845,2021,280,1.0,author_retriever,graphsage_author
val,fusion_author_retriever_graphsage_author_a1p00,50,0.051459673428995545,0.013386054692040517,0.01994247653568966,2021,280,1.0,author_retriever,graphsage_author
val,fusion_author_retriever_graphsage_author_a1p00,100,0.06432459178624443,0.01357381031850214,0.02203471432427345,2021,280,1.0,author_retriever,graphsage_author
test,fusion_author_retriever_graphsage_author_a1p00,10,0.019766852508869743,0.007315022647004401,0.008923825452751095,1973,279,1.0,author_retriever,graphsage_author
test,fusion_author_retriever_graphsage_author_a1p00,50,0.04409528636594019,0.00848873782542133,0.013793478388404955,1973,279,1.0,author_retriever,graphsage_author
test,fusion_author_retriever_graphsage_author_a1p00,100,0.05828687278256462,0.008696960846422642,0.015955848005352467,1973,279,1.0,author_retriever,graphsage_author
val,fusion_author_retriever_graphsage_author_metacluster_a0p00,10,0.030183077684314694,0.013423929690629343,0.016270889688259765,2021,280,0.0,author_retriever,graphsage_author_metacluster
val,fusion_author_retriever_graphsage_author_metacluster_a0p00,50,0.05541810984661059,0.014535495956590304,0.021648429303554047,2021,280,0.0,author_retriever,graphsage_author_metacluster
val,fusion_author_retriever_graphsage_author_metacluster_a0p00,100,0.06679861454725383,0.014704755852828709,0.02350934398882568,2021,280,0.0,author_retriever,graphsage_author_metacluster
test,fusion_author_retriever_graphsage_author_metacluster_a0p00,10,0.02027369488089204,0.007211441765420478,0.008737803191704975,1973,279,0.0,author_retriever,graphsage_author_metacluster
test,fusion_author_retriever_graphsage_author_metacluster_a0p00,50,0.0476431829700963,0.008490645561034063,0.014305869014908136,1973,279,0.0,author_retriever,graphsage_author_metacluster
test,fusion_author_retriever_graphsage_author_metacluster_a0p00,100,0.06132792701469843,0.008701725437382495,0.016388754522921933,1973,279,0.0,author_retriever,graphsage_author_metacluster
val,fusion_author_retriever_graphsage_author_metacluster_a0p05,10,0.030677882236516577,0.013276077378007116,0.01627537682880253,2021,280,0.05,author_retriever,graphsage_author_metacluster
val,fusion_author_retriever_graphsage_author_metacluster_a0p05,50,0.05541810984661059,0.014327937745616467,0.021498306718217224,2021,280,0.05,author_retriever,graphsage_author_metacluster
val,fusion_author_retriever_graphsage_author_metacluster_a0p05,100,0.06679861454725383,0.014496221485562897,0.023328880517938185,2021,280,0.05,author_retriever,graphsage_author_metacluster
test,fusion_author_retriever_graphsage_author_metacluster_a0p05,10,0.02027369488089204,0.007269969991713529,0.008786094492372921,1973,279,0.05,author_retriever,graphsage_author_metacluster
test,fusion_author_retriever_graphsage_author_metacluster_a0p05,50,0.047136340598074,0.008541301902315024,0.01432035000860372,1973,279,0.05,author_retriever,graphsage_author_metacluster
test,fusion_author_retriever_graphsage_author_metacluster_a0p05,100,0.06234161175874303,0.008771716989656233,0.0165953406096883,1973,279,0.05,author_retriever,graphsage_author_metacluster
val,fusion_author_retriever_graphsage_author_metacluster_a0p10,10,0.030677882236516577,0.01333400092677678,0.016165759456248065,2021,280,0.1,author_retriever,graphsage_author_metacluster
val,fusion_author_retriever_graphsage_author_metacluster_a0p10,50,0.05541810984661059,0.014375944661116706,0.021439460681418936,2021,280,0.1,author_retriever,graphsage_author_metacluster
val,fusion_author_retriever_graphsage_author_metacluster_a0p10,100,0.06679861454725383,0.014542657282346341,0.023267034374743104,2021,280,0.1,author_retriever,graphsage_author_metacluster
test,fusion_author_retriever_graphsage_author_metacluster_a0p10,10,0.019766852508869743,0.007203798904255062,0.008689860758893553,1973,279,0.1,author_retriever,graphsage_author_metacluster
test,fusion_author_retriever_graphsage_author_metacluster_a0p10,50,0.0476431829700963,0.008521940755796133,0.014357440925576113,1973,279,0.1,author_retriever,graphsage_author_metacluster
test,fusion_author_retriever_graphsage_author_metacluster_a0p10,100,0.06234161175874303,0.008741463088137228,0.016575692853157242,1973,279,0.1,author_retriever,graphsage_author_metacluster
val,fusion_author_retriever_graphsage_author_metacluster_a0p15,10,0.030183077684314694,0.013301603009668324,0.016019356179158444,2021,280,0.15,author_retriever,graphsage_author_metacluster
val,fusion_author_retriever_graphsage_author_metacluster_a0p15,50,0.05541810984661059,0.014388507024670307,0.02137288338661868,2021,280,0.15,author_retriever,graphsage_author_metacluster
val,fusion_author_retriever_graphsage_author_metacluster_a0p15,100,0.06679861454725383,0.014554850068566692,0.02319977636074703,2021,280,0.15,author_retriever,graphsage_author_metacluster
test,fusion_author_retriever_graphsage_author_metacluster_a0p15,10,0.019766852508869743,0.007191127844954505,0.008676480094692924,1973,279,0.15,author_retriever,graphsage_author_metacluster
test,fusion_author_retriever_graphsage_author_metacluster_a0p15,50,0.0481500253421186,0.00852904977093257,0.014406449773868782,1973,279,0.15,author_retriever,graphsage_author_metacluster
test,fusion_author_retriever_graphsage_author_metacluster_a0p15,100,0.06183476938672073,0.008733572240517792,0.016534921774646747,1973,279,0.15,author_retriever,graphsage_author_metacluster
val,fusion_author_retriever_graphsage_author_metacluster_a0p20,10,0.030183077684314694,0.013313384070435036,0.016019356179158444,2021,280,0.2,author_retriever,graphsage_author_metacluster
val,fusion_author_retriever_graphsage_author_metacluster_a0p20,50,0.05492330529440871,0.014380126543225815,0.021274533938752747,2021,280,0.2,author_retriever,graphsage_author_metacluster
val,fusion_author_retriever_graphsage_author_metacluster_a0p20,100,0.06729341909945571,0.0145592682131599,0.023218926896763394,2021,280,0.2,author_retriever,graphsage_author_metacluster
test,fusion_author_retriever_graphsage_author_metacluster_a0p20,10,0.019766852508869743,0.007173026331667994,0.008707366019860661,1973,279,0.2,author_retriever,graphsage_author_metacluster
test,fusion_author_retriever_graphsage_author_metacluster_a0p20,50,0.0476431829700963,0.008507408422137588,0.014354580716911886,1973,279,0.2,author_retriever,graphsage_author_metacluster
test,fusion_author_retriever_graphsage_author_metacluster_a0p20,100,0.06183476938672073,0.008720497770437242,0.016569140698472058,1973,279,0.2,author_retriever,graphsage_author_metacluster
val,fusion_author_retriever_graphsage_author_metacluster_a0p25,10,0.030677882236516577,0.013362864525655223,0.016101633909397353,2021,280,0.25,author_retriever,graphsage_author_metacluster
val,fusion_author_retriever_graphsage_author_metacluster_a0p25,50,0.05442850074220683,0.014377664620814093,0.021186872266210587,2021,280,0.25,author_retriever,graphsage_author_metacluster
val,fusion_author_retriever_graphsage_author_metacluster_a0p25,100,0.06729341909945571,0.014565489633813315,0.023215608302467685,2021,280,0.25,author_retriever,graphsage_author_metacluster
test,fusion_author_retriever_graphsage_author_metacluster_a0p25,10,0.019766852508869743,0.0071700094127869094,0.008700022600068448,1973,279,0.25,author_retriever,graphsage_author_metacluster
test,fusion_author_retriever_graphsage_author_metacluster_a0p25,50,0.047136340598074,0.00851269807654242,0.014309702689588791,1973,279,0.25,author_retriever,graphsage_author_metacluster
test,fusion_author_retriever_graphsage_author_metacluster_a0p25,100,0.06183476938672073,0.00873429558589138,0.016539993039334334,1973,279,0.25,author_retriever,graphsage_author_metacluster
val,fusion_author_retriever_graphsage_author_metacluster_a0p30,10,0.030677882236516577,0.013187523071244,0.015976650517407043,2021,280,0.3,author_retriever,graphsage_author_metacluster
val,fusion_author_retriever_graphsage_author_metacluster_a0p30,50,0.05442850074220683,0.014192022145447727,0.021047777521761596,2021,280,0.3,author_retriever,graphsage_author_metacluster
val,fusion_author_retriever_graphsage_author_metacluster_a0p30,100,0.06729341909945571,0.014377935760063168,0.0230722643935662,2021,280,0.3,author_retriever,graphsage_author_metacluster
test,fusion_author_retriever_graphsage_author_metacluster_a0p30,10,0.02027369488089204,0.0072086259744647985,0.008834939464003166,1973,279,0.3,author_retriever,graphsage_author_metacluster
test,fusion_author_retriever_graphsage_author_metacluster_a0p30,50,0.047136340598074,0.00850445756242331,0.014302204755152762,1973,279,0.3,author_retriever,graphsage_author_metacluster
test,fusion_author_retriever_graphsage_author_metacluster_a0p30,100,0.06183476938672073,0.008722552922746115,0.016525095012508376,1973,279,0.3,author_retriever,graphsage_author_metacluster
val,fusion_author_retriever_graphsage_author_metacluster_a0p35,10,0.030677882236516577,0.0131985187279596,0.01599173605069612,2021,280,0.35,author_retriever,graphsage_author_metacluster
val,fusion_author_retriever_graphsage_author_metacluster_a0p35,50,0.05442850074220683,0.01419970933740154,0.021101891303795608,2021,280,0.35,author_retriever,graphsage_author_metacluster
val,fusion_author_retriever_graphsage_author_metacluster_a0p35,100,0.06679861454725383,0.014380035855303269,0.02300810771832373,2021,280,0.35,author_retriever,graphsage_author_metacluster
test,fusion_author_retriever_graphsage_author_metacluster_a0p35,10,0.020780537252914344,0.0070030732347002,0.008814285916352133,1973,279,0.35,author_retriever,graphsage_author_metacluster
test,fusion_author_retriever_graphsage_author_metacluster_a0p35,50,0.0476431829700963,0.008264313406263091,0.014324750440058924,1973,279,0.35,author_retriever,graphsage_author_metacluster
test,fusion_author_retriever_graphsage_author_metacluster_a0p35,100,0.06132792701469843,0.008465570990740018,0.016337357097217876,1973,279,0.35,author_retriever,graphsage_author_metacluster
val,fusion_author_retriever_graphsage_author_metacluster_a0p40,10,0.030677882236516577,0.013272150357751544,0.016047679295141372,2021,280,0.4,author_retriever,graphsage_author_metacluster
val,fusion_author_retriever_graphsage_author_metacluster_a0p40,50,0.05541810984661059,0.014284643103704276,0.021289133408095292,2021,280,0.4,author_retriever,graphsage_author_metacluster
val,fusion_author_retriever_graphsage_author_metacluster_a0p40,100,0.06679861454725383,0.01444372756215811,0.0230497369085559,2021,280,0.4,author_retriever,graphsage_author_metacluster
test,fusion_author_retriever_graphsage_author_metacluster_a0p40,10,0.020780537252914344,0.007019163468732653,0.008881486958053214,1973,279,0.4,author_retriever,graphsage_author_metacluster
test,fusion_author_retriever_graphsage_author_metacluster_a0p40,50,0.047136340598074,0.008265533312789218,0.014188542141718297,1973,279,0.4,author_retriever,graphsage_author_metacluster
test,fusion_author_retriever_graphsage_author_metacluster_a0p40,100,0.06132792701469843,0.00847468026554193,0.016340207754614196,1973,279,0.4,author_retriever,graphsage_author_metacluster
val,fusion_author_retriever_graphsage_author_metacluster_a0p45,10,0.030677882236516577,0.0132570313297676,0.016027651550878826,2021,280,0.45,author_retriever,graphsage_author_metacluster
val,fusion_author_retriever_graphsage_author_metacluster_a0p45,50,0.05591291439881247,0.014273248309757002,0.021346199181507253,2021,280,0.45,author_retriever,graphsage_author_metacluster
val,fusion_author_retriever_graphsage_author_metacluster_a0p45,100,0.06679861454725383,0.014421813091373642,0.023016916398091985,2021,280,0.45,author_retriever,graphsage_author_metacluster
test,fusion_author_retriever_graphsage_author_metacluster_a0p45,10,0.021287379624936646,0.006981954802532604,0.008986292494801044,1973,279,0.45,author_retriever,graphsage_author_metacluster
test,fusion_author_retriever_graphsage_author_metacluster_a0p45,50,0.047136340598074,0.008186059001971507,0.01415559321625355,1973,279,0.45,author_retriever,graphsage_author_metacluster
test,fusion_author_retriever_graphsage_author_metacluster_a0p45,100,0.06031424227065383,0.008382736675790049,0.016149776646166753,1973,279,0.45,author_retriever,graphsage_author_metacluster
val,fusion_author_retriever_graphsage_author_metacluster_a0p50,10,0.030677882236516577,0.013196555217831814,0.01597091652385872,2021,280,0.5,author_retriever,graphsage_author_metacluster
val,fusion_author_retriever_graphsage_author_metacluster_a0p50,50,0.05541810984661059,0.014207373397370054,0.021252014006595397,2021,280,0.5,author_retriever,graphsage_author_metacluster
val,fusion_author_retriever_graphsage_author_metacluster_a0p50,100,0.06630380999505195,0.014358832005253837,0.022912741950422356,2021,280,0.5,author_retriever,graphsage_author_metacluster
test,fusion_author_retriever_graphsage_author_metacluster_a0p50,10,0.021287379624936646,0.007186099646819363,0.009133730962953215,1973,279,0.5,author_retriever,graphsage_author_metacluster
test,fusion_author_retriever_graphsage_author_metacluster_a0p50,50,0.047136340598074,0.008384108956084537,0.014295400569828406,1973,279,0.5,author_retriever,graphsage_author_metacluster
test,fusion_author_retriever_graphsage_author_metacluster_a0p50,100,0.05980739989863153,0.008574188869823224,0.01623880746998848,1973,279,0.5,author_retriever,graphsage_author_metacluster
val,fusion_author_retriever_graphsage_author_metacluster_a0p55,10,0.030677882236516577,0.013509342381188002,0.01617860505616614,2021,280,0.55,author_retriever,graphsage_author_metacluster
val,fusion_author_retriever_graphsage_author_metacluster_a0p55,50,0.05541810984661059,0.014517162580738275,0.02145402503637035,2021,280,0.55,author_retriever,graphsage_author_metacluster
val,fusion_author_retriever_graphsage_author_metacluster_a0p55,100,0.0653142008906482,0.014656970347746611,0.022915826646687686,2021,280,0.55,author_retriever,graphsage_author_metacluster
test,fusion_author_retriever_graphsage_author_metacluster_a0p55,10,0.021287379624936646,0.007180468064908004,0.009127666508140194,1973,279,0.55,author_retriever,graphsage_author_metacluster
test,fusion_author_retriever_graphsage_author_metacluster_a0p55,50,0.0466294982260517,0.008366467025002882,0.014191440937538031,1973,279,0.55,author_retriever,graphsage_author_metacluster
test,fusion_author_retriever_graphsage_author_metacluster_a0p55,100,0.05980739989863153,0.008564548600235216,0.0162188451021798,1973,279,0.55,author_retriever,graphsage_author_metacluster
val,fusion_author_retriever_graphsage_author_metacluster_a0p60,10,0.031172686788718457,0.013201463993151277,0.016174013072029977,2021,280,0.6,author_retriever,graphsage_author_metacluster
val,fusion_author_retriever_graphsage_author_metacluster_a0p60,50,0.05541810984661059,0.014155073497809612,0.02129713098364828,2021,280,0.6,author_retriever,graphsage_author_metacluster
val,fusion_author_retriever_graphsage_author_metacluster_a0p60,100,0.06481939633844631,0.014289452173998966,0.022722353624760893,2021,280,0.6,author_retriever,graphsage_author_metacluster
test,fusion_author_retriever_graphsage_author_metacluster_a0p60,10,0.021287379624936646,0.007180468064908003,0.009127666508140193,1973,279,0.6,author_retriever,graphsage_author_metacluster
test,fusion_author_retriever_graphsage_author_metacluster_a0p60,50,0.0466294982260517,0.008358727000430024,0.014181926297432177,1973,279,0.6,author_retriever,graphsage_author_metacluster
test,fusion_author_retriever_graphsage_author_metacluster_a0p60,100,0.05980739989863153,0.008554848036601208,0.016204658142828086,1973,279,0.6,author_retriever,graphsage_author_metacluster
val,fusion_author_retriever_graphsage_author_metacluster_a0p65,10,0.031172686788718457,0.013188897528333451,0.016159885142179718,2021,280,0.65,author_retriever,graphsage_author_metacluster
val,fusion_author_retriever_graphsage_author_metacluster_a0p65,50,0.05541810984661059,0.014125153947623094,0.02125405455947107,2021,280,0.65,author_retriever,graphsage_author_metacluster
val,fusion_author_retriever_graphsage_author_metacluster_a0p65,100,0.06481939633844631,0.01425884072386848,0.02267739877544996,2021,280,0.65,author_retriever,graphsage_author_metacluster
test,fusion_author_retriever_graphsage_author_metacluster_a0p65,10,0.021794221996958945,0.0072747970619232655,0.009272081497473753,1973,279,0.65,author_retriever,graphsage_author_metacluster
test,fusion_author_retriever_graphsage_author_metacluster_a0p65,50,0.046122655854029394,0.008379902611055144,0.014128452029744134,1973,279,0.65,author_retriever,graphsage_author_metacluster
test,fusion_author_retriever_graphsage_author_metacluster_a0p65,100,0.05980739989863153,0.008584305028657263,0.016235225200326955,1973,279,0.65,author_retriever,graphsage_author_metacluster
val,fusion_author_retriever_graphsage_author_metacluster_a0p70,10,0.031172686788718457,0.013187523071244002,0.016133880390282025,2021,280,0.7,author_retriever,graphsage_author_metacluster
val,fusion_author_retriever_graphsage_author_metacluster_a0p70,50,0.053933696190004946,0.01408522823575989,0.020983849509759078,2021,280,0.7,author_retriever,graphsage_author_metacluster
val,fusion_author_retriever_graphsage_author_metacluster_a0p70,100,0.06481939633844631,0.014246284664094179,0.022630567413787987,2021,280,0.7,author_retriever,graphsage_author_metacluster
test,fusion_author_retriever_graphsage_author_metacluster_a0p70,10,0.021287379624936646,0.007174836482996645,0.009093338205109939,1973,279,0.7,author_retriever,graphsage_author_metacluster
test,fusion_author_retriever_graphsage_author_metacluster_a0p70,50,0.0451089711099848,0.008298649522144336,0.013900534314214842,1973,279,0.7,author_retriever,graphsage_author_metacluster
test,fusion_author_retriever_graphsage_author_metacluster_a0p70,100,0.06031424227065383,0.008525957841503274,0.01625619158274668,1973,279,0.7,author_retriever,graphsage_author_metacluster
val,fusion_author_retriever_graphsage_author_metacluster_a0p75,10,0.031172686788718457,0.012898887082459572,0.015985061114430325,2021,280,0.75,author_retriever,graphsage_author_metacluster
val,fusion_author_retriever_graphsage_author_metacluster_a0p75,50,0.053933696190004946,0.013789044362784168,0.020820998943320283,2021,280,0.75,author_retriever,graphsage_author_metacluster
val,fusion_author_retriever_graphsage_author_metacluster_a0p75,100,0.06432459178624443,0.013943462942138229,0.022389935234893306,2021,280,0.75,author_retriever,graphsage_author_metacluster
test,fusion_author_retriever_graphsage_author_metacluster_a0p75,10,0.021287379624936646,0.007266349689056227,0.009167015161365996,1973,279,0.75,author_retriever,graphsage_author_metacluster
test,fusion_author_retriever_graphsage_author_metacluster_a0p75,50,0.0451089711099848,0.00837488771431193,0.013952511973518726,1973,279,0.75,author_retriever,graphsage_author_metacluster
test,fusion_author_retriever_graphsage_author_metacluster_a0p75,100,0.06031424227065383,0.008599393054517445,0.016301055147427676,1973,279,0.75,author_retriever,graphsage_author_metacluster
val,fusion_author_retriever_graphsage_author_metacluster_a0p80,10,0.030677882236516577,0.012781272825805236,0.015742692410581474,2021,280,0.8,author_retriever,graphsage_author_metacluster
val,fusion_author_retriever_graphsage_author_metacluster_a0p80,50,0.053933696190004946,0.01370170572135812,0.020637381606126937,2021,280,0.8,author_retriever,graphsage_author_metacluster
val,fusion_author_retriever_graphsage_author_metacluster_a0p80,100,0.06481939633844631,0.013858963852437504,0.02232797618676835,2021,280,0.8,author_retriever,graphsage_author_metacluster
test,fusion_author_retriever_graphsage_author_metacluster_a0p80,10,0.021287379624936646,0.00731924633343792,0.009215711438023045,1973,279,0.8,author_retriever,graphsage_author_metacluster
test,fusion_author_retriever_graphsage_author_metacluster_a0p80,50,0.0451089711099848,0.0084204908963402,0.013987323712293116,1973,279,0.8,author_retriever,graphsage_author_metacluster
test,fusion_author_retriever_graphsage_author_metacluster_a0p80,100,0.05980739989863153,0.008636262157513425,0.01625022343351855,1973,279,0.8,author_retriever,graphsage_author_metacluster
val,fusion_author_retriever_graphsage_author_metacluster_a0p85,10,0.029688273132112815,0.012709212004115518,0.015391018390617024,2021,280,0.85,author_retriever,graphsage_author_metacluster
val,fusion_author_retriever_graphsage_author_metacluster_a0p85,50,0.05294408708560119,0.013686536426070359,0.020403541972002497,2021,280,0.85,author_retriever,graphsage_author_metacluster
val,fusion_author_retriever_graphsage_author_metacluster_a0p85,100,0.0653142008906482,0.013864865340647856,0.022381983673788575,2021,280,0.85,author_retriever,graphsage_author_metacluster
test,fusion_author_retriever_graphsage_author_metacluster_a0p85,10,0.021287379624936646,0.007257902316189189,0.009165188997942457,1973,279,0.85,author_retriever,graphsage_author_metacluster
test,fusion_author_retriever_graphsage_author_metacluster_a0p85,50,0.0451089711099848,0.008356989578814113,0.013930724965632926,1973,279,0.85,author_retriever,graphsage_author_metacluster
test,fusion_author_retriever_graphsage_author_metacluster_a0p85,100,0.059300557526609225,0.008563802347211968,0.01610642178015102,1973,279,0.85,author_retriever,graphsage_author_metacluster
val,fusion_author_retriever_graphsage_author_metacluster_a0p90,10,0.029193468579910935,0.012720993064882228,0.015294555945476263,2021,280,0.9,author_retriever,graphsage_author_metacluster
val,fusion_author_retriever_graphsage_author_metacluster_a0p90,50,0.05244928253339931,0.013718404706458442,0.020330227900135254,2021,280,0.9,author_retriever,graphsage_author_metacluster
val,fusion_author_retriever_graphsage_author_metacluster_a0p90,100,0.0653142008906482,0.013903315585926562,0.022387151658383023,2021,280,0.9,author_retriever,graphsage_author_metacluster
test,fusion_author_retriever_graphsage_author_metacluster_a0p90,10,0.020780537252914344,0.007339560253903893,0.009142228971185388,1973,279,0.9,author_retriever,graphsage_author_metacluster
test,fusion_author_retriever_graphsage_author_metacluster_a0p90,50,0.0451089711099848,0.008472174087299052,0.013976823754250774,1973,279,0.9,author_retriever,graphsage_author_metacluster
test,fusion_author_retriever_graphsage_author_metacluster_a0p90,100,0.05879371515458692,0.008670337500198707,0.01605009524349675,1973,279,0.9,author_retriever,graphsage_author_metacluster
val,fusion_author_retriever_graphsage_author_metacluster_a0p95,10,0.029193468579910935,0.012540742835151542,0.015183099382594944,2021,280,0.95,author_retriever,graphsage_author_metacluster
val,fusion_author_retriever_graphsage_author_metacluster_a0p95,50,0.05195447798119743,0.013506512892792406,0.020097456585805102,2021,280,0.95,author_retriever,graphsage_author_metacluster
val,fusion_author_retriever_graphsage_author_metacluster_a0p95,100,0.06432459178624443,0.013687121784930001,0.022111060118809478,2021,280,0.95,author_retriever,graphsage_author_metacluster
test,fusion_author_retriever_graphsage_author_metacluster_a0p95,10,0.020780537252914344,0.0073980884801969436,0.009181339862713807,1973,279,0.95,author_retriever,graphsage_author_metacluster
test,fusion_author_retriever_graphsage_author_metacluster_a0p95,50,0.04409528636594019,0.008509630333734333,0.013823556538131766,1973,279,0.95,author_retriever,graphsage_author_metacluster
test,fusion_author_retriever_graphsage_author_metacluster_a0p95,100,0.05828687278256462,0.008720173176776152,0.01599249751847934,1973,279,0.95,author_retriever,graphsage_author_metacluster
val,fusion_author_retriever_graphsage_author_metacluster_a1p00,10,0.029193468579910935,0.012449439614209528,0.0151469178239845,2021,280,1.0,author_retriever,graphsage_author_metacluster
val,fusion_author_retriever_graphsage_author_metacluster_a1p00,50,0.051459673428995545,0.013386054692040517,0.01994247653568966,2021,280,1.0,author_retriever,graphsage_author_metacluster
val,fusion_author_retriever_graphsage_author_metacluster_a1p00,100,0.06432459178624443,0.01357381031850214,0.02203471432427345,2021,280,1.0,author_retriever,graphsage_author_metacluster
test,fusion_author_retriever_graphsage_author_metacluster_a1p00,10,0.019766852508869743,0.007315022647004401,0.008923825452751095,1973,279,1.0,author_retriever,graphsage_author_metacluster
test,fusion_author_retriever_graphsage_author_metacluster_a1p00,50,0.04409528636594019,0.00848873782542133,0.013793478388404955,1973,279,1.0,author_retriever,graphsage_author_metacluster
test,fusion_author_retriever_graphsage_author_metacluster_a1p00,100,0.05828687278256462,0.008696960846422642,0.015955848005352467,1973,279,1.0,author_retriever,graphsage_author_metacluster
